filename,width,height,class,xmin,ymin,xmax,ymax
G0_1.jpg,640,480,G0,239,285,342,377
G0_10.jpg,640,480,G0,379,284,464,384
G0_100.jpg,640,480,G0,179,298,277,397
G0_11.jpg,640,480,G0,216,241,307,331
G0_12.jpg,640,480,G0,219,238,309,310
G0_14.jpg,640,480,G0,204,234,293,333
G0_15.jpg,640,480,G0,195,234,295,320
G0_16.jpg,640,480,G0,200,233,303,321
G0_18.jpg,640,480,G0,210,225,310,310
G0_19.jpg,640,480,G0,164,238,258,316
G0_2.jpg,640,480,G0,288,276,384,359
G0_20.jpg,640,480,G0,215,238,314,313
G0_21.jpg,640,480,G0,97,223,202,325
G0_22.jpg,640,480,G0,223,225,320,319
G0_23.jpg,640,480,G0,131,217,229,304
G0_24.jpg,640,480,G0,191,251,294,339
G0_25.jpg,640,480,G0,190,247,304,342
G0_26.jpg,640,480,G0,66,216,178,320
G0_27.jpg,640,480,G0,229,211,332,308
G0_28.jpg,640,480,G0,186,213,292,304
G0_29.jpg,640,480,G0,119,214,223,309
G0_3.jpg,640,480,G0,252,284,348,378
G0_30.jpg,640,480,G0,192,222,289,311
G0_31.jpg,640,480,G0,137,290,222,373
G0_32.jpg,640,480,G0,177,289,262,368
G0_33.jpg,640,480,G0,163,285,247,370
G0_35.jpg,640,480,G0,154,289,239,371
G0_36.jpg,640,480,G0,174,270,259,352
G0_37.jpg,640,480,G0,181,268,272,353
G0_38.jpg,640,480,G0,172,268,254,346
G0_4.jpg,640,480,G0,262,292,360,384
G0_40.jpg,640,480,G0,174,277,270,370
G0_42.jpg,640,480,G0,186,189,274,279
G0_43.jpg,640,480,G0,192,263,292,347
G0_44.jpg,640,480,G0,206,261,301,352
G0_45.jpg,640,480,G0,199,252,300,339
G0_46.jpg,640,480,G0,154,249,255,339
G0_47.jpg,640,480,G0,167,246,263,341
G0_48.jpg,640,480,G0,163,236,258,329
G0_49.jpg,640,480,G0,140,246,220,332
G0_5.jpg,640,480,G0,239,291,350,389
G0_50.jpg,640,480,G0,157,235,250,324
G0_51.jpg,640,480,G0,139,221,226,311
G0_52.jpg,640,480,G0,168,239,258,315
G0_53.jpg,640,480,G0,144,232,229,306
G0_54.jpg,640,480,G0,184,247,269,317
G0_55.jpg,640,480,G0,204,254,296,330
G0_56.jpg,640,480,G0,147,238,238,319
G0_57.jpg,640,480,G0,114,241,212,317
G0_58.jpg,640,480,G0,150,246,238,322
G0_59.jpg,640,480,G0,170,247,266,328
G0_6.jpg,640,480,G0,309,298,406,393
G0_60.jpg,640,480,G0,123,234,235,316
G0_62.jpg,640,480,G0,164,274,250,341
G0_63.jpg,640,480,G0,106,278,190,349
G0_64.jpg,640,480,G0,92,277,175,346
G0_65.jpg,640,480,G0,99,277,191,349
G0_66.jpg,640,480,G0,290,272,360,314
G0_67.jpg,640,480,G0,227,269,312,322
G0_69.jpg,640,480,G0,123,273,205,347
G0_7.jpg,640,480,G0,341,279,455,401
G0_70.jpg,640,480,G0,105,280,179,345
G0_71.jpg,640,480,G0,119,262,212,347
G0_72.jpg,640,480,G0,152,257,241,350
G0_73.jpg,640,480,G0,131,262,208,346
G0_74.jpg,640,480,G0,182,267,264,343
G0_76.jpg,640,480,G0,158,270,240,356
G0_77.jpg,640,480,G0,112,274,193,344
G0_78.jpg,640,480,G0,172,263,252,325
G0_8.jpg,640,480,G0,338,276,438,378
G0_80.jpg,640,480,G0,148,258,239,342
G0_81.jpg,640,480,G0,233,259,308,325
G0_82.jpg,640,480,G0,199,263,276,328
G0_84.jpg,640,480,G0,271,267,349,338
G0_85.jpg,640,480,G0,247,257,327,327
G0_86.jpg,640,480,G0,246,262,322,334
G0_87.jpg,640,480,G0,238,261,317,333
G0_88.jpg,640,480,G0,222,259,303,332
G0_89.jpg,640,480,G0,211,260,282,317
G0_9.jpg,640,480,G0,363,284,453,384
G0_90.jpg,640,480,G0,191,257,274,325
G0_91.jpg,640,480,G0,171,307,255,405
G0_92.jpg,640,480,G0,233,303,315,397
G0_93.jpg,640,480,G0,167,304,260,399
G0_94.jpg,640,480,G0,184,307,277,391
G0_95.jpg,640,480,G0,209,309,316,397
G0_96.jpg,640,480,G0,208,312,302,404
G0_97.jpg,640,480,G0,193,311,285,393
G0_98.jpg,640,480,G0,161,298,256,390
G0_99.jpg,640,480,G0,138,304,237,393
G1_100.jpg,640,480,G1,248,293,354,415
G1_11.jpg,640,480,G1,185,231,307,341
G1_12.jpg,640,480,G1,164,249,298,361
G1_13.jpg,640,480,G1,143,221,278,342
G1_14.jpg,640,480,G1,170,222,301,348
G1_15.jpg,640,480,G1,164,228,280,355
G1_18.jpg,640,480,G1,148,232,285,358
G1_19.jpg,640,480,G1,147,216,267,345
G1_2.jpg,640,480,G1,205,273,308,396
G1_20.jpg,640,480,G1,167,221,280,344
G1_21.jpg,640,480,G1,82,212,213,336
G1_23.jpg,640,480,G1,105,218,232,341
G1_24.jpg,640,480,G1,163,234,281,346
G1_25.jpg,640,480,G1,148,231,262,335
G1_26.jpg,640,480,G1,104,217,229,341
G1_27.jpg,640,480,G1,162,219,301,343
G1_28.jpg,640,480,G1,99,217,201,341
G1_29.jpg,640,480,G1,87,213,212,337
G1_3.jpg,640,480,G1,237,291,339,423
G1_30.jpg,640,480,G1,154,257,276,361
G1_31.jpg,640,480,G1,224,284,329,393
G1_32.jpg,640,480,G1,197,278,310,392
G1_33.jpg,640,480,G1,202,276,317,394
G1_34.jpg,640,480,G1,261,302,356,407
G1_35.jpg,640,480,G1,239,298,342,410
G1_36.jpg,640,480,G1,194,289,304,404
G1_37.jpg,640,480,G1,167,292,279,411
G1_38.jpg,640,480,G1,170,297,269,406
G1_39.jpg,640,480,G1,207,286,309,400
G1_4.jpg,640,480,G1,236,296,345,414
G1_40.jpg,640,480,G1,223,289,343,408
G1_41.jpg,640,480,G1,147,249,244,393
G1_42.jpg,640,480,G1,131,260,229,390
G1_43.jpg,640,480,G1,174,262,285,387
G1_44.jpg,640,480,G1,173,264,280,384
G1_45.jpg,640,480,G1,107,262,225,396
G1_46.jpg,640,480,G1,143,253,243,379
G1_48.jpg,640,480,G1,159,256,255,380
G1_49.jpg,640,480,G1,202,264,302,387
G1_5.jpg,640,480,G1,239,283,347,405
G1_50.jpg,640,480,G1,102,263,214,387
G1_51.jpg,640,480,G1,170,240,280,364
G1_52.jpg,640,480,G1,149,242,260,370
G1_53.jpg,640,480,G1,174,245,304,371
G1_54.jpg,640,480,G1,157,240,302,371
G1_55.jpg,640,480,G1,154,242,274,370
G1_56.jpg,640,480,G1,136,236,259,362
G1_57.jpg,640,480,G1,146,237,266,365
G1_58.jpg,640,480,G1,134,248,253,367
G1_59.jpg,640,480,G1,121,256,238,374
G1_6.jpg,640,480,G1,252,278,366,406
G1_60.jpg,640,480,G1,142,241,250,379
G1_61.jpg,640,480,G1,157,256,269,403
G1_62.jpg,640,480,G1,110,305,234,436
G1_63.jpg,640,480,G1,220,273,339,401
G1_64.jpg,640,480,G1,144,262,258,395
G1_65.jpg,640,480,G1,304,276,399,396
G1_66.jpg,640,480,G1,102,266,209,402
G1_67.jpg,640,480,G1,316,292,406,414
G1_68.jpg,640,480,G1,118,295,223,417
G1_69.jpg,640,480,G1,139,300,248,431
G1_7.jpg,640,480,G1,231,277,349,397
G1_70.jpg,640,480,G1,318,317,413,435
G1_72.jpg,640,480,G1,134,251,236,362
G1_73.jpg,640,480,G1,89,224,189,347
G1_74.jpg,640,480,G1,153,220,271,338
G1_75.jpg,640,480,G1,100,252,202,379
G1_76.jpg,640,480,G1,182,254,270,366
G1_77.jpg,640,480,G1,123,253,219,362
G1_78.jpg,640,480,G1,159,252,258,369
G1_79.jpg,640,480,G1,115,245,224,363
G1_8.jpg,640,480,G1,223,288,333,418
G1_80.jpg,640,480,G1,156,249,277,372
G1_81.jpg,640,480,G1,196,236,293,354
G1_82.jpg,640,480,G1,128,237,247,353
G1_84.jpg,640,480,G1,220,238,309,335
G1_85.jpg,640,480,G1,239,234,328,346
G1_86.jpg,640,480,G1,165,235,258,344
G1_87.jpg,640,480,G1,208,237,267,350
G1_88.jpg,640,480,G1,228,243,317,336
G1_89.jpg,640,480,G1,183,238,277,346
G1_9.jpg,640,480,G1,200,276,341,413
G1_90.jpg,640,480,G1,170,234,270,349
G1_92.jpg,640,480,G1,198,268,303,425
G1_93.jpg,640,480,G1,183,285,289,436
G1_94.jpg,640,480,G1,200,289,342,435
G1_96.jpg,640,480,G1,173,284,295,433
G1_97.jpg,640,480,G1,181,287,296,417
G1_98.jpg,640,480,G1,267,292,362,422
G1_99.jpg,640,480,G1,158,283,264,420
G2_10.jpg,640,480,G2,334,244,447,373
G2_100.jpg,640,480,G2,251,270,371,414
G2_11.jpg,640,480,G2,152,214,255,334
G2_12.jpg,640,480,G2,149,226,256,350
G2_13.jpg,640,480,G2,180,233,302,352
G2_14.jpg,640,480,G2,142,217,274,357
G2_15.jpg,640,480,G2,180,239,295,350
G2_16.jpg,640,480,G2,163,224,278,336
G2_17.jpg,640,480,G2,223,231,313,343
G2_18.jpg,640,480,G2,105,225,232,339
G2_19.jpg,640,480,G2,159,244,259,345
G2_2.jpg,640,480,G2,226,241,356,381
G2_20.jpg,640,480,G2,137,224,253,339
G2_21.jpg,640,480,G2,98,211,221,355
G2_22.jpg,640,480,G2,79,212,204,365
G2_23.jpg,640,480,G2,89,210,223,369
G2_24.jpg,640,480,G2,131,208,253,359
G2_25.jpg,640,480,G2,149,223,289,370
G2_26.jpg,640,480,G2,167,253,296,377
G2_27.jpg,640,480,G2,121,214,273,370
G2_28.jpg,640,480,G2,77,205,213,346
G2_29.jpg,640,480,G2,129,215,251,348
G2_3.jpg,640,480,G2,267,238,395,383
G2_30.jpg,640,480,G2,165,204,280,345
G2_31.jpg,640,480,G2,176,257,284,385
G2_32.jpg,640,480,G2,202,270,312,398
G2_33.jpg,640,480,G2,207,262,304,375
G2_35.jpg,640,480,G2,250,287,349,388
G2_36.jpg,640,480,G2,169,280,269,389
G2_37.jpg,640,480,G2,194,263,291,374
G2_39.jpg,640,480,G2,177,279,284,401
G2_40.jpg,640,480,G2,232,274,352,392
G2_41.jpg,640,480,G2,165,247,266,377
G2_42.jpg,640,480,G2,191,266,314,399
G2_44.jpg,640,480,G2,125,261,237,399
G2_45.jpg,640,480,G2,175,256,299,398
G2_46.jpg,640,480,G2,147,260,275,377
G2_48.jpg,640,480,G2,142,265,261,377
G2_5.jpg,640,480,G2,253,224,382,370
G2_50.jpg,640,480,G2,202,253,307,397
G2_51.jpg,640,480,G2,128,241,246,374
G2_52.jpg,640,480,G2,158,256,282,390
G2_53.jpg,640,480,G2,154,236,271,365
G2_54.jpg,640,480,G2,165,238,269,372
G2_55.jpg,640,480,G2,180,238,280,367
G2_56.jpg,640,480,G2,165,241,270,371
G2_57.jpg,640,480,G2,145,243,272,380
G2_58.jpg,640,480,G2,106,250,243,388
G2_59.jpg,640,480,G2,139,246,274,382
G2_6.jpg,640,480,G2,221,221,336,370
G2_60.jpg,640,480,G2,166,246,264,384
G2_61.jpg,640,480,G2,77,249,226,379
G2_62.jpg,640,480,G2,142,248,246,376
G2_63.jpg,640,480,G2,123,232,231,368
G2_64.jpg,640,480,G2,201,243,332,367
G2_65.jpg,640,480,G2,237,296,358,410
G2_66.jpg,640,480,G2,103,247,231,372
G2_67.jpg,640,480,G2,215,268,356,406
G2_68.jpg,640,480,G2,170,235,286,366
G2_69.jpg,640,480,G2,102,247,234,381
G2_7.jpg,640,480,G2,197,228,322,356
G2_71.jpg,640,480,G2,102,228,212,364
G2_72.jpg,640,480,G2,178,225,280,352
G2_73.jpg,640,480,G2,193,225,290,348
G2_74.jpg,640,480,G2,139,229,244,354
G2_75.jpg,640,480,G2,136,223,245,356
G2_77.jpg,640,480,G2,134,233,226,346
G2_78.jpg,640,480,G2,139,228,241,361
G2_79.jpg,640,480,G2,188,231,288,357
G2_8.jpg,640,480,G2,217,227,335,362
G2_80.jpg,640,480,G2,126,224,247,358
G2_81.jpg,640,480,G2,176,241,297,366
G2_82.jpg,640,480,G2,174,242,282,362
G2_83.jpg,640,480,G2,168,243,265,346
G2_84.jpg,640,480,G2,147,246,259,361
G2_85.jpg,640,480,G2,144,247,245,359
G2_86.jpg,640,480,G2,174,242,281,355
G2_87.jpg,640,480,G2,242,237,365,358
G2_88.jpg,640,480,G2,190,244,289,344
G2_89.jpg,640,480,G2,148,238,255,352
G2_9.jpg,640,480,G2,241,232,351,371
G2_90.jpg,640,480,G2,155,242,251,359
G2_91.jpg,640,480,G2,182,277,299,413
G2_92.jpg,640,480,G2,243,284,350,416
G2_93.jpg,640,480,G2,186,284,305,416
G2_95.jpg,640,480,G2,190,288,294,417
G2_96.jpg,640,480,G2,259,293,376,423
G2_97.jpg,640,480,G2,265,304,386,432
G2_98.jpg,640,480,G2,231,283,353,425
G2_99.jpg,640,480,G2,188,265,317,401
G3_1.jpg,640,480,G3,267,268,412,400
G3_10.jpg,640,480,G3,210,221,345,352
G3_100.jpg,640,480,G3,271,266,418,414
G3_11.jpg,640,480,G3,177,214,304,356
G3_12.jpg,640,480,G3,162,218,305,335
G3_13.jpg,640,480,G3,181,209,304,360
G3_16.jpg,640,480,G3,186,213,325,349
G3_18.jpg,640,480,G3,189,220,356,349
G3_19.jpg,640,480,G3,190,216,297,353
G3_2.jpg,640,480,G3,292,221,450,361
G3_20.jpg,640,480,G3,157,205,275,345
G3_21.jpg,640,480,G3,99,193,222,339
G3_22.jpg,640,480,G3,140,224,272,361
G3_23.jpg,640,480,G3,111,198,248,348
G3_24.jpg,640,480,G3,197,211,336,361
G3_25.jpg,640,480,G3,178,218,299,352
G3_26.jpg,640,480,G3,53,195,245,340
G3_28.jpg,640,480,G3,188,194,310,327
G3_29.jpg,640,480,G3,83,204,222,330
G3_3.jpg,640,480,G3,256,236,401,397
G3_30.jpg,640,480,G3,67,203,220,335
G3_31.jpg,640,480,G3,209,282,316,383
G3_32.jpg,640,480,G3,191,293,288,393
G3_34.jpg,640,480,G3,192,290,293,388
G3_36.jpg,640,480,G3,184,287,296,403
G3_37.jpg,640,480,G3,210,291,315,400
G3_38.jpg,640,480,G3,247,293,334,408
G3_39.jpg,640,480,G3,260,299,369,419
G3_4.jpg,640,480,G3,255,239,365,374
G3_40.jpg,640,480,G3,219,287,313,409
G3_41.jpg,640,480,G3,198,271,309,408
G3_42.jpg,640,480,G3,167,260,282,393
G3_43.jpg,640,480,G3,193,277,305,398
G3_44.jpg,640,480,G3,189,271,293,391
G3_45.jpg,640,480,G3,193,273,294,403
G3_46.jpg,640,480,G3,177,269,292,392
G3_47.jpg,640,480,G3,161,260,276,393
G3_48.jpg,640,480,G3,167,260,280,381
G3_5.jpg,640,480,G3,264,248,390,380
G3_50.jpg,640,480,G3,175,271,288,389
G3_51.jpg,640,480,G3,130,245,243,360
G3_52.jpg,640,480,G3,97,265,228,385
G3_53.jpg,640,480,G3,133,244,259,366
G3_54.jpg,640,480,G3,196,247,312,383
G3_55.jpg,640,480,G3,210,252,337,385
G3_56.jpg,640,480,G3,191,244,315,377
G3_57.jpg,640,480,G3,150,241,288,370
G3_58.jpg,640,480,G3,152,238,273,361
G3_59.jpg,640,480,G3,111,237,233,367
G3_6.jpg,640,480,G3,294,239,432,374
G3_61.jpg,640,480,G3,149,207,297,356
G3_62.jpg,640,480,G3,274,247,419,424
G3_63.jpg,640,480,G3,182,208,303,330
G3_64.jpg,640,480,G3,170,204,293,336
G3_65.jpg,640,480,G3,255,240,392,374
G3_66.jpg,640,480,G3,242,249,377,382
G3_67.jpg,640,480,G3,169,214,305,342
G3_68.jpg,640,480,G3,166,221,285,338
G3_69.jpg,640,480,G3,289,271,407,408
G3_7.jpg,640,480,G3,332,237,458,364
G3_70.jpg,640,480,G3,254,236,373,355
G3_71.jpg,640,480,G3,96,228,203,338
G3_73.jpg,640,480,G3,137,232,228,318
G3_74.jpg,640,480,G3,137,227,236,326
G3_75.jpg,640,480,G3,134,230,254,337
G3_76.jpg,640,480,G3,100,239,218,341
G3_77.jpg,640,480,G3,178,240,277,345
G3_78.jpg,640,480,G3,124,220,236,354
G3_79.jpg,640,480,G3,171,231,298,346
G3_8.jpg,640,480,G3,250,230,375,350
G3_80.jpg,640,480,G3,89,217,209,344
G3_81.jpg,640,480,G3,168,242,278,338
G3_82.jpg,640,480,G3,133,258,251,362
G3_84.jpg,640,480,G3,143,239,234,344
G3_85.jpg,640,480,G3,177,247,271,338
G3_86.jpg,640,480,G3,211,249,313,346
G3_87.jpg,640,480,G3,212,250,307,340
G3_88.jpg,640,480,G3,194,240,289,332
G3_89.jpg,640,480,G3,236,248,336,357
G3_9.jpg,640,480,G3,274,221,390,358
G3_90.jpg,640,480,G3,171,238,283,339
G3_91.jpg,640,480,G3,270,273,381,415
G3_92.jpg,640,480,G3,229,272,342,409
G3_93.jpg,640,480,G3,216,290,347,402
G3_94.jpg,640,480,G3,291,294,442,428
G3_95.jpg,640,480,G3,267,297,396,415
G3_96.jpg,640,480,G3,192,284,334,404
G3_97.jpg,640,480,G3,232,283,345,403
G3_98.jpg,640,480,G3,278,285,407,423
G3_99.jpg,640,480,G3,177,279,323,408
G4_1.jpg,640,480,G4,197,255,332,391
G4_10.jpg,640,480,G4,291,237,404,364
G4_100.jpg,640,480,G4,183,273,304,399
G4_11.jpg,640,480,G4,153,194,282,334
G4_12.jpg,640,480,G4,56,190,226,320
G4_13.jpg,640,480,G4,157,196,272,336
G4_14.jpg,640,480,G4,157,204,288,332
G4_15.jpg,640,480,G4,154,201,294,332
G4_16.jpg,640,480,G4,150,203,278,329
G4_17.jpg,640,480,G4,142,197,268,313
G4_18.jpg,640,480,G4,149,197,274,334
G4_19.jpg,640,480,G4,94,195,239,357
G4_2.jpg,640,480,G4,258,249,387,372
G4_20.jpg,640,480,G4,66,204,237,365
G4_21.jpg,640,480,G4,48,209,234,349
G4_22.jpg,640,480,G4,158,227,296,358
G4_24.jpg,640,480,G4,135,218,289,358
G4_25.jpg,640,480,G4,98,212,260,348
G4_26.jpg,640,480,G4,28,194,191,355
G4_27.jpg,640,480,G4,74,184,222,337
G4_29.jpg,640,480,G4,203,209,318,349
G4_3.jpg,640,480,G4,239,233,380,375
G4_30.jpg,640,480,G4,97,209,210,344
G4_31.jpg,640,480,G4,185,260,311,401
G4_32.jpg,640,480,G4,215,262,340,399
G4_33.jpg,640,480,G4,241,270,355,389
G4_34.jpg,640,480,G4,158,254,301,382
G4_35.jpg,640,480,G4,197,255,306,373
G4_36.jpg,640,480,G4,233,260,368,379
G4_37.jpg,640,480,G4,214,252,308,346
G4_38.jpg,640,480,G4,249,270,353,387
G4_39.jpg,640,480,G4,194,264,308,367
G4_4.jpg,640,480,G4,242,259,399,406
G4_41.jpg,640,480,G4,183,232,300,358
G4_43.jpg,640,480,G4,203,225,352,354
G4_44.jpg,640,480,G4,148,236,283,362
G4_45.jpg,640,480,G4,137,225,259,351
G4_46.jpg,640,480,G4,116,244,264,388
G4_47.jpg,640,480,G4,197,235,358,365
G4_48.jpg,640,480,G4,124,246,265,369
G4_49.jpg,640,480,G4,103,265,232,387
G4_5.jpg,640,480,G4,178,236,316,377
G4_50.jpg,640,480,G4,223,238,380,374
G4_51.jpg,640,480,G4,120,220,278,349
G4_52.jpg,640,480,G4,74,244,212,377
G4_53.jpg,640,480,G4,120,208,253,331
G4_55.jpg,640,480,G4,220,260,337,396
G4_56.jpg,640,480,G4,248,275,377,393
G4_57.jpg,640,480,G4,190,243,340,354
G4_58.jpg,640,480,G4,155,231,283,352
G4_6.jpg,640,480,G4,180,232,304,363
G4_60.jpg,640,480,G4,98,228,218,346
G4_61.jpg,640,480,G4,345,243,447,349
G4_62.jpg,640,480,G4,172,269,290,387
G4_63.jpg,640,480,G4,175,230,304,363
G4_65.jpg,640,480,G4,242,255,367,371
G4_67.jpg,640,480,G4,158,256,284,375
G4_68.jpg,640,480,G4,166,265,296,389
G4_7.jpg,640,480,G4,245,231,369,376
G4_70.jpg,640,480,G4,103,266,249,391
G4_71.jpg,640,480,G4,70,211,203,324
G4_72.jpg,640,480,G4,86,212,203,324
G4_73.jpg,640,480,G4,162,214,257,326
G4_74.jpg,640,480,G4,85,217,206,334
G4_75.jpg,640,480,G4,123,211,228,319
G4_76.jpg,640,480,G4,148,225,256,344
G4_77.jpg,640,480,G4,65,219,216,330
G4_78.jpg,640,480,G4,128,212,260,328
G4_79.jpg,640,480,G4,134,212,278,328
G4_8.jpg,640,480,G4,259,218,405,356
G4_80.jpg,640,480,G4,91,217,220,338
G4_81.jpg,640,480,G4,167,240,286,357
G4_82.jpg,640,480,G4,144,249,253,353
G4_83.jpg,640,480,G4,167,246,278,347
G4_84.jpg,640,480,G4,167,239,272,332
G4_85.jpg,640,480,G4,172,238,295,343
G4_86.jpg,640,480,G4,209,241,342,341
G4_87.jpg,640,480,G4,143,248,259,346
G4_88.jpg,640,480,G4,113,246,245,364
G4_89.jpg,640,480,G4,173,246,314,359
G4_9.jpg,640,480,G4,249,226,387,357
G4_90.jpg,640,480,G4,190,244,307,354
G4_91.jpg,640,480,G4,195,281,336,426
G4_92.jpg,640,480,G4,233,281,370,408
G4_93.jpg,640,480,G4,193,309,333,440
G4_94.jpg,640,480,G4,217,307,355,440
G4_95.jpg,640,480,G4,252,291,369,417
G4_97.jpg,640,480,G4,234,279,372,420
G4_98.jpg,640,480,G4,210,285,343,412
G4_99.jpg,640,480,G4,188,283,309,400
G5_1.jpg,640,480,G5,177,230,340,369
G5_10.jpg,640,480,G5,210,246,375,387
G5_100.jpg,640,480,G5,197,282,333,414
G5_11.jpg,640,480,G5,137,195,296,323
G5_12.jpg,640,480,G5,137,188,293,343
G5_13.jpg,640,480,G5,150,200,277,330
G5_14.jpg,640,480,G5,137,190,295,347
G5_15.jpg,640,480,G5,161,197,320,351
G5_16.jpg,640,480,G5,133,192,285,319
G5_18.jpg,640,480,G5,96,187,249,318
G5_19.jpg,640,480,G5,83,190,234,329
G5_2.jpg,640,480,G5,208,237,361,382
G5_20.jpg,640,480,G5,108,184,259,324
G5_21.jpg,640,480,G5,80,231,234,352
G5_22.jpg,640,480,G5,119,214,242,349
G5_23.jpg,640,480,G5,119,211,234,350
G5_24.jpg,640,480,G5,171,249,309,382
G5_25.jpg,640,480,G5,136,216,261,343
G5_26.jpg,640,480,G5,68,230,203,349
G5_27.jpg,640,480,G5,135,216,258,334
G5_28.jpg,640,480,G5,164,201,281,335
G5_29.jpg,640,480,G5,184,210,294,348
G5_3.jpg,640,480,G5,210,230,364,362
G5_30.jpg,640,480,G5,157,202,270,336
G5_31.jpg,640,480,G5,197,252,340,381
G5_32.jpg,640,480,G5,234,258,351,393
G5_33.jpg,640,480,G5,230,264,349,393
G5_34.jpg,640,480,G5,212,258,332,376
G5_35.jpg,640,480,G5,225,265,348,391
G5_36.jpg,640,480,G5,215,262,336,376
G5_37.jpg,640,480,G5,245,262,353,388
G5_39.jpg,640,480,G5,227,258,333,376
G5_40.jpg,640,480,G5,259,267,363,385
G5_41.jpg,640,480,G5,156,256,282,383
G5_42.jpg,640,480,G5,163,265,317,397
G5_43.jpg,640,480,G5,115,255,254,393
G5_44.jpg,640,480,G5,88,261,244,394
G5_45.jpg,640,480,G5,80,268,223,384
G5_46.jpg,640,480,G5,86,271,234,393
G5_47.jpg,640,480,G5,113,255,253,372
G5_48.jpg,640,480,G5,119,265,253,376
G5_5.jpg,640,480,G5,236,250,390,438
G5_50.jpg,640,480,G5,177,259,312,379
G5_52.jpg,640,480,G5,70,266,237,400
G5_53.jpg,640,480,G5,99,238,249,367
G5_54.jpg,640,480,G5,130,238,259,363
G5_55.jpg,640,480,G5,159,250,284,363
G5_56.jpg,640,480,G5,184,255,324,381
G5_57.jpg,640,480,G5,221,281,360,432
G5_58.jpg,640,480,G5,186,249,316,372
G5_59.jpg,640,480,G5,141,249,284,372
G5_6.jpg,640,480,G5,198,258,361,425
G5_60.jpg,640,480,G5,116,241,248,374
G5_61.jpg,640,480,G5,121,227,271,339
G5_63.jpg,640,480,G5,237,239,374,390
G5_64.jpg,640,480,G5,251,234,379,371
G5_65.jpg,640,480,G5,253,240,365,365
G5_67.jpg,640,480,G5,236,244,385,394
G5_68.jpg,640,480,G5,119,214,277,347
G5_7.jpg,640,480,G5,241,233,386,373
G5_70.jpg,640,480,G5,213,228,337,349
G5_71.jpg,640,480,G5,163,212,281,330
G5_72.jpg,640,480,G5,134,204,259,329
G5_73.jpg,640,480,G5,84,219,215,335
G5_74.jpg,640,480,G5,119,221,261,347
G5_75.jpg,640,480,G5,145,212,271,344
G5_76.jpg,640,480,G5,105,219,234,330
G5_77.jpg,640,480,G5,129,216,266,328
G5_78.jpg,640,480,G5,136,203,266,328
G5_79.jpg,640,480,G5,94,217,247,338
G5_8.jpg,640,480,G5,206,225,366,366
G5_80.jpg,640,480,G5,196,218,331,339
G5_81.jpg,640,480,G5,155,231,294,341
G5_82.jpg,640,480,G5,165,239,285,346
G5_83.jpg,640,480,G5,179,233,289,343
G5_84.jpg,640,480,G5,143,232,259,351
G5_85.jpg,640,480,G5,131,237,269,360
G5_86.jpg,640,480,G5,182,239,300,355
G5_87.jpg,640,480,G5,166,231,294,351
G5_89.jpg,640,480,G5,226,241,334,364
G5_90.jpg,640,480,G5,172,242,305,368
G5_91.jpg,640,480,G5,172,300,328,434
G5_92.jpg,640,480,G5,284,286,404,439
G5_93.jpg,640,480,G5,191,295,346,437
G5_94.jpg,640,480,G5,221,308,362,448
G5_95.jpg,640,480,G5,268,306,402,458
G5_96.jpg,640,480,G5,269,308,396,446
G5_97.jpg,640,480,G5,216,287,356,427
G5_98.jpg,640,480,G5,170,291,330,431
G5_99.jpg,640,480,G5,150,288,300,433
G6_1.jpg,640,480,G6,250,270,395,421
G6_10.jpg,640,480,G6,246,240,389,388
G6_100.jpg,640,480,G6,203,317,320,424
G6_11.jpg,640,480,G6,173,197,297,333
G6_12.jpg,640,480,G6,161,190,279,317
G6_14.jpg,640,480,G6,114,210,255,307
G6_15.jpg,640,480,G6,164,196,296,331
G6_16.jpg,640,480,G6,84,207,220,310
G6_17.jpg,640,480,G6,153,205,281,304
G6_18.jpg,640,480,G6,181,192,303,329
G6_19.jpg,640,480,G6,164,198,291,323
G6_2.jpg,640,480,G6,258,268,408,405
G6_20.jpg,640,480,G6,155,192,280,309
G6_21.jpg,640,480,G6,99,235,222,343
G6_22.jpg,640,480,G6,101,227,215,345
G6_23.jpg,640,480,G6,134,228,236,341
G6_24.jpg,640,480,G6,162,235,274,357
G6_25.jpg,640,480,G6,185,244,293,374
G6_26.jpg,640,480,G6,174,238,293,378
G6_27.jpg,640,480,G6,85,211,213,339
G6_28.jpg,640,480,G6,206,228,315,339
G6_29.jpg,640,480,G6,115,220,241,334
G6_3.jpg,640,480,G6,246,265,403,408
G6_30.jpg,640,480,G6,164,227,273,356
G6_31.jpg,640,480,G6,213,258,343,368
G6_32.jpg,640,480,G6,196,270,332,362
G6_33.jpg,640,480,G6,179,275,311,351
G6_34.jpg,640,480,G6,176,266,305,346
G6_35.jpg,640,480,G6,226,253,353,365
G6_36.jpg,640,480,G6,165,263,309,359
G6_37.jpg,640,480,G6,213,260,345,365
G6_4.jpg,640,480,G6,245,264,388,371
G6_40.jpg,640,480,G6,213,266,344,354
G6_41.jpg,640,480,G6,136,265,261,378
G6_42.jpg,640,480,G6,106,284,230,376
G6_43.jpg,640,480,G6,132,271,252,369
G6_44.jpg,640,480,G6,128,271,261,378
G6_46.jpg,640,480,G6,102,279,229,372
G6_47.jpg,640,480,G6,118,290,261,377
G6_48.jpg,640,480,G6,149,290,280,387
G6_49.jpg,640,480,G6,166,284,271,377
G6_5.jpg,640,480,G6,261,239,396,396
G6_50.jpg,640,480,G6,161,279,289,383
G6_51.jpg,640,480,G6,104,250,243,346
G6_52.jpg,640,480,G6,47,266,195,376
G6_53.jpg,640,480,G6,96,241,263,340
G6_54.jpg,640,480,G6,142,237,291,347
G6_55.jpg,640,480,G6,171,239,309,352
G6_57.jpg,640,480,G6,193,243,315,362
G6_58.jpg,640,480,G6,157,254,273,346
G6_59.jpg,640,480,G6,131,255,255,339
G6_6.jpg,640,480,G6,221,248,385,381
G6_60.jpg,640,480,G6,111,257,251,348
G6_61.jpg,640,480,G6,159,260,289,362
G6_62.jpg,640,480,G6,250,246,364,370
G6_63.jpg,640,480,G6,180,251,307,360
G6_65.jpg,640,480,G6,247,258,366,375
G6_66.jpg,640,480,G6,167,251,275,342
G6_67.jpg,640,480,G6,140,238,270,332
G6_68.jpg,640,480,G6,123,230,285,337
G6_7.jpg,640,480,G6,225,259,361,412
G6_70.jpg,640,480,G6,161,239,264,343
G6_71.jpg,640,480,G6,155,204,273,305
G6_72.jpg,640,480,G6,88,234,226,328
G6_73.jpg,640,480,G6,95,224,224,327
G6_74.jpg,640,480,G6,113,214,240,322
G6_75.jpg,640,480,G6,157,212,272,327
G6_76.jpg,640,480,G6,171,223,277,332
G6_77.jpg,640,480,G6,107,227,245,320
G6_78.jpg,640,480,G6,124,232,230,314
G6_79.jpg,640,480,G6,134,231,248,312
G6_80.jpg,640,480,G6,146,222,274,328
G6_81.jpg,640,480,G6,158,250,258,324
G6_82.jpg,640,480,G6,81,270,198,360
G6_83.jpg,640,480,G6,169,244,273,335
G6_84.jpg,640,480,G6,202,246,305,338
G6_85.jpg,640,480,G6,170,247,256,333
G6_86.jpg,640,480,G6,155,252,251,336
G6_87.jpg,640,480,G6,197,236,291,338
G6_88.jpg,640,480,G6,196,232,308,345
G6_89.jpg,640,480,G6,159,245,278,344
G6_90.jpg,640,480,G6,143,248,244,330
G6_91.jpg,640,480,G6,193,285,305,399
G6_92.jpg,640,480,G6,185,309,296,428
G6_93.jpg,640,480,G6,186,285,322,388
G6_94.jpg,640,480,G6,224,296,340,385
G6_96.jpg,640,480,G6,176,293,291,417
G6_97.jpg,640,480,G6,231,292,349,408
G6_98.jpg,640,480,G6,205,292,315,409
G6_99.jpg,640,480,G6,161,292,295,413
G7_1.jpg,640,480,G7,272,233,409,395
G7_10.jpg,640,480,G7,232,201,370,334
G7_100.jpg,640,480,G7,239,288,361,417
G7_12.jpg,640,480,G7,143,219,280,331
G7_13.jpg,640,480,G7,155,200,290,327
G7_14.jpg,640,480,G7,155,209,270,334
G7_15.jpg,640,480,G7,132,209,264,322
G7_16.jpg,640,480,G7,72,209,233,323
G7_17.jpg,640,480,G7,69,217,205,332
G7_19.jpg,640,480,G7,163,213,283,320
G7_2.jpg,640,480,G7,268,227,407,373
G7_20.jpg,640,480,G7,188,211,297,327
G7_21.jpg,640,480,G7,132,232,245,325
G7_22.jpg,640,480,G7,76,219,203,327
G7_23.jpg,640,480,G7,131,211,220,324
G7_24.jpg,640,480,G7,64,223,168,331
G7_25.jpg,640,480,G7,88,199,211,326
G7_26.jpg,640,480,G7,148,227,253,335
G7_29.jpg,640,480,G7,129,210,245,340
G7_3.jpg,640,480,G7,261,231,425,351
G7_30.jpg,640,480,G7,92,207,204,318
G7_31.jpg,640,480,G7,186,251,300,363
G7_32.jpg,640,480,G7,188,261,317,367
G7_33.jpg,640,480,G7,173,256,302,365
G7_34.jpg,640,480,G7,194,244,320,360
G7_35.jpg,640,480,G7,205,251,336,363
G7_36.jpg,640,480,G7,216,236,340,365
G7_37.jpg,640,480,G7,197,246,325,355
G7_38.jpg,640,480,G7,224,251,332,364
G7_39.jpg,640,480,G7,175,267,304,371
G7_40.jpg,640,480,G7,207,246,323,365
G7_41.jpg,640,480,G7,173,263,275,382
G7_43.jpg,640,480,G7,157,269,288,382
G7_44.jpg,640,480,G7,131,273,252,382
G7_46.jpg,640,480,G7,164,279,285,385
G7_47.jpg,640,480,G7,156,277,279,381
G7_49.jpg,640,480,G7,174,268,303,382
G7_5.jpg,640,480,G7,252,209,380,348
G7_50.jpg,640,480,G7,125,276,262,388
G7_51.jpg,640,480,G7,104,230,259,359
G7_52.jpg,640,480,G7,60,270,218,396
G7_53.jpg,640,480,G7,113,235,243,344
G7_54.jpg,640,480,G7,145,227,267,346
G7_55.jpg,640,480,G7,158,234,293,350
G7_56.jpg,640,480,G7,185,240,318,360
G7_57.jpg,640,480,G7,204,252,336,365
G7_58.jpg,640,480,G7,156,228,296,352
G7_59.jpg,640,480,G7,132,230,265,357
G7_6.jpg,640,480,G7,255,216,389,360
G7_60.jpg,640,480,G7,120,239,264,362
G7_61.jpg,640,480,G7,149,262,280,363
G7_62.jpg,640,480,G7,244,278,397,408
G7_63.jpg,640,480,G7,157,249,288,352
G7_64.jpg,640,480,G7,159,259,277,361
G7_65.jpg,640,480,G7,270,252,374,381
G7_66.jpg,640,480,G7,154,246,302,360
G7_67.jpg,640,480,G7,151,246,294,350
G7_68.jpg,640,480,G7,147,242,296,356
G7_69.jpg,640,480,G7,139,238,295,353
G7_7.jpg,640,480,G7,239,214,394,387
G7_70.jpg,640,480,G7,111,245,265,350
G7_71.jpg,640,480,G7,122,229,258,338
G7_72.jpg,640,480,G7,106,216,279,350
G7_73.jpg,640,480,G7,162,232,293,338
G7_75.jpg,640,480,G7,135,225,246,341
G7_76.jpg,640,480,G7,148,214,270,330
G7_77.jpg,640,480,G7,183,224,289,339
G7_78.jpg,640,480,G7,136,223,233,339
G7_79.jpg,640,480,G7,181,220,309,339
G7_8.jpg,640,480,G7,246,226,393,381
G7_80.jpg,640,480,G7,174,235,299,339
G7_82.jpg,640,480,G7,161,237,274,339
G7_83.jpg,640,480,G7,162,232,270,340
G7_84.jpg,640,480,G7,217,231,327,339
G7_85.jpg,640,480,G7,207,235,312,339
G7_86.jpg,640,480,G7,150,241,258,342
G7_87.jpg,640,480,G7,131,242,233,341
G7_88.jpg,640,480,G7,152,239,266,337
G7_89.jpg,640,480,G7,203,243,312,350
G7_9.jpg,640,480,G7,217,227,372,355
G7_90.jpg,640,480,G7,227,244,332,346
G7_91.jpg,640,480,G7,127,292,288,404
G7_92.jpg,640,480,G7,147,295,278,412
G7_93.jpg,640,480,G7,166,289,286,404
G7_94.jpg,640,480,G7,248,282,374,400
G7_95.jpg,640,480,G7,154,285,288,400
G7_96.jpg,640,480,G7,186,279,323,409
G7_97.jpg,640,480,G7,256,289,398,409
G7_98.jpg,640,480,G7,183,283,309,390
G7_99.jpg,640,480,G7,188,290,318,411
G8_1.jpg,640,480,G8,322,273,427,407
G8_10.jpg,640,480,G8,347,262,450,387
G8_100.jpg,640,480,G8,267,284,354,396
G8_11.jpg,640,480,G8,201,237,285,366
G8_12.jpg,640,480,G8,161,222,259,354
G8_13.jpg,640,480,G8,187,224,280,347
G8_14.jpg,640,480,G8,180,214,288,335
G8_15.jpg,640,480,G8,153,224,254,341
G8_16.jpg,640,480,G8,177,222,275,351
G8_17.jpg,640,480,G8,179,231,282,352
G8_18.jpg,640,480,G8,179,227,265,352
G8_19.jpg,640,480,G8,173,227,283,356
G8_2.jpg,640,480,G8,312,240,404,363
G8_20.jpg,640,480,G8,156,220,279,338
G8_21.jpg,640,480,G8,152,254,234,365
G8_22.jpg,640,480,G8,198,247,301,370
G8_23.jpg,640,480,G8,146,263,245,382
G8_25.jpg,640,480,G8,109,245,255,358
G8_26.jpg,640,480,G8,163,266,270,391
G8_27.jpg,640,480,G8,182,309,294,440
G8_28.jpg,640,480,G8,136,239,245,371
G8_29.jpg,640,480,G8,215,228,294,353
G8_3.jpg,640,480,G8,335,273,448,411
G8_30.jpg,640,480,G8,197,228,311,377
G8_31.jpg,640,480,G8,195,244,311,379
G8_32.jpg,640,480,G8,174,236,288,371
G8_34.jpg,640,480,G8,201,258,313,391
G8_35.jpg,640,480,G8,153,244,262,375
G8_36.jpg,640,480,G8,165,253,284,395
G8_37.jpg,640,480,G8,178,254,284,377
G8_38.jpg,640,480,G8,197,252,304,379
G8_40.jpg,640,480,G8,153,236,289,364
G8_41.jpg,640,480,G8,268,254,359,391
G8_42.jpg,640,480,G8,162,246,265,357
G8_43.jpg,640,480,G8,129,252,247,346
G8_44.jpg,640,480,G8,176,251,286,340
G8_45.jpg,640,480,G8,158,263,266,366
G8_46.jpg,640,480,G8,132,271,244,353
G8_47.jpg,640,480,G8,114,266,258,361
G8_48.jpg,640,480,G8,199,238,307,354
G8_49.jpg,640,480,G8,153,253,266,353
G8_5.jpg,640,480,G8,316,231,419,373
G8_50.jpg,640,480,G8,124,249,259,355
G8_51.jpg,640,480,G8,176,241,293,376
G8_52.jpg,640,480,G8,120,250,255,357
G8_53.jpg,640,480,G8,190,251,289,379
G8_54.jpg,640,480,G8,215,281,316,404
G8_55.jpg,640,480,G8,237,291,336,425
G8_56.jpg,640,480,G8,221,276,319,393
G8_58.jpg,640,480,G8,188,267,304,378
G8_59.jpg,640,480,G8,155,268,285,358
G8_6.jpg,640,480,G8,301,269,405,398
G8_60.jpg,640,480,G8,121,255,254,348
G8_62.jpg,640,480,G8,215,258,326,382
G8_63.jpg,640,480,G8,234,275,318,395
G8_65.jpg,640,480,G8,218,275,305,377
G8_66.jpg,640,480,G8,212,286,318,416
G8_67.jpg,640,480,G8,309,321,418,438
G8_68.jpg,640,480,G8,216,272,311,395
G8_69.jpg,640,480,G8,212,284,312,409
G8_7.jpg,640,480,G8,296,258,416,379
G8_70.jpg,640,480,G8,207,254,327,363
G8_71.jpg,640,480,G8,155,247,237,358
G8_72.jpg,640,480,G8,182,238,274,352
G8_73.jpg,640,480,G8,173,246,278,361
G8_74.jpg,640,480,G8,148,265,228,365
G8_75.jpg,640,480,G8,212,249,294,366
G8_76.jpg,640,480,G8,192,238,290,347
G8_77.jpg,640,480,G8,132,252,214,355
G8_78.jpg,640,480,G8,158,251,248,366
G8_79.jpg,640,480,G8,188,237,277,355
G8_8.jpg,640,480,G8,346,263,458,387
G8_80.jpg,640,480,G8,231,239,293,357
G8_82.jpg,640,480,G8,86,252,201,335
G8_83.jpg,640,480,G8,184,246,280,351
G8_84.jpg,640,480,G8,125,238,225,359
G8_85.jpg,640,480,G8,129,241,225,350
G8_87.jpg,640,480,G8,195,242,280,349
G8_88.jpg,640,480,G8,205,249,291,348
G8_89.jpg,640,480,G8,147,230,264,341
G8_9.jpg,640,480,G8,315,263,430,396
G8_91.jpg,640,480,G8,275,278,390,401
G8_92.jpg,640,480,G8,231,286,343,387
G8_93.jpg,640,480,G8,272,284,388,408
G8_94.jpg,640,480,G8,278,279,388,409
G8_95.jpg,640,480,G8,277,273,402,414
G8_96.jpg,640,480,G8,277,279,386,406
G8_97.jpg,640,480,G8,298,289,398,430
G8_98.jpg,640,480,G8,307,302,405,417
G8_99.jpg,640,480,G8,281,286,398,408
G9_1.jpg,640,480,G9,250,260,387,389
G9_10.jpg,640,480,G9,272,246,384,385
G9_100.jpg,640,480,G9,183,278,277,383
G9_12.jpg,640,480,G9,110,184,253,308
G9_13.jpg,640,480,G9,127,179,277,289
G9_14.jpg,640,480,G9,121,169,249,291
G9_15.jpg,640,480,G9,120,188,257,295
G9_16.jpg,640,480,G9,132,181,272,313
G9_17.jpg,640,480,G9,120,181,255,300
G9_19.jpg,640,480,G9,134,185,256,301
G9_2.jpg,640,480,G9,261,223,402,355
G9_20.jpg,640,480,G9,86,174,243,295
G9_22.jpg,640,480,G9,179,197,297,316
G9_23.jpg,640,480,G9,145,197,266,308
G9_24.jpg,640,480,G9,138,209,265,313
G9_25.jpg,640,480,G9,50,200,193,334
G9_26.jpg,640,480,G9,221,200,338,323
G9_27.jpg,640,480,G9,74,201,212,320
G9_28.jpg,640,480,G9,126,196,252,306
G9_29.jpg,640,480,G9,179,200,307,325
G9_3.jpg,640,480,G9,240,230,399,360
G9_30.jpg,640,480,G9,102,181,240,322
G9_31.jpg,640,480,G9,202,234,325,346
G9_33.jpg,640,480,G9,190,247,293,344
G9_35.jpg,640,480,G9,159,254,305,362
G9_36.jpg,640,480,G9,223,249,350,357
G9_37.jpg,640,480,G9,209,243,353,349
G9_38.jpg,640,480,G9,187,251,296,356
G9_39.jpg,640,480,G9,219,244,342,354
G9_4.jpg,640,480,G9,260,239,394,371
G9_40.jpg,640,480,G9,183,244,300,343
G9_41.jpg,640,480,G9,120,251,262,373
G9_42.jpg,640,480,G9,137,260,290,398
G9_43.jpg,640,480,G9,121,264,264,378
G9_44.jpg,640,480,G9,159,263,302,378
G9_45.jpg,640,480,G9,158,257,285,375
G9_46.jpg,640,480,G9,124,255,254,377
G9_47.jpg,640,480,G9,72,266,225,384
G9_49.jpg,640,480,G9,188,265,340,385
G9_5.jpg,640,480,G9,285,254,408,405
G9_50.jpg,640,480,G9,75,255,242,366
G9_51.jpg,640,480,G9,115,214,255,332
G9_52.jpg,640,480,G9,47,267,179,414
G9_53.jpg,640,480,G9,115,218,254,343
G9_54.jpg,640,480,G9,129,211,273,340
G9_55.jpg,640,480,G9,174,233,322,354
G9_56.jpg,640,480,G9,180,231,342,355
G9_57.jpg,640,480,G9,137,225,287,344
G9_58.jpg,640,480,G9,126,238,247,354
G9_59.jpg,640,480,G9,101,249,219,372
G9_6.jpg,640,480,G9,221,221,379,346
G9_60.jpg,640,480,G9,64,240,192,386
G9_61.jpg,640,480,G9,209,235,343,369
G9_64.jpg,640,480,G9,225,246,378,356
G9_65.jpg,640,480,G9,166,238,289,355
G9_66.jpg,640,480,G9,162,239,285,353
G9_67.jpg,640,480,G9,161,235,280,350
G9_68.jpg,640,480,G9,217,227,339,344
G9_69.jpg,640,480,G9,151,259,312,371
G9_7.jpg,640,480,G9,269,219,412,359
G9_70.jpg,640,480,G9,145,250,259,355
G9_71.jpg,640,480,G9,124,221,233,339
G9_72.jpg,640,480,G9,120,217,267,344
G9_74.jpg,640,480,G9,142,212,273,332
G9_75.jpg,640,480,G9,105,228,236,338
G9_76.jpg,640,480,G9,127,212,263,333
G9_77.jpg,640,480,G9,177,225,295,327
G9_78.jpg,640,480,G9,130,222,259,332
G9_79.jpg,640,480,G9,124,210,260,313
G9_8.jpg,640,480,G9,225,233,416,373
G9_80.jpg,640,480,G9,135,216,249,328
G9_81.jpg,640,480,G9,134,234,242,338
G9_82.jpg,640,480,G9,151,228,261,339
G9_83.jpg,640,480,G9,136,230,251,334
G9_84.jpg,640,480,G9,162,233,272,343
G9_85.jpg,640,480,G9,154,219,283,336
G9_86.jpg,640,480,G9,109,230,223,335
G9_87.jpg,640,480,G9,92,223,213,342
G9_88.jpg,640,480,G9,146,232,278,355
G9_89.jpg,640,480,G9,183,239,306,347
G9_9.jpg,640,480,G9,278,246,403,392
G9_90.jpg,640,480,G9,159,235,326,355
G9_91.jpg,640,480,G9,145,261,276,403
G9_93.jpg,640,480,G9,166,277,300,406
G9_94.jpg,640,480,G9,244,290,362,409
G9_95.jpg,640,480,G9,202,273,343,393
G9_96.jpg,640,480,G9,137,270,266,398
G9_97.jpg,640,480,G9,161,279,282,394
G9_98.jpg,640,480,G9,250,284,363,411
G9_99.jpg,640,480,G9,138,275,261,396
